Item #,Model #,Item Name,Description,Product Details,Price (New/Used),Highlights/Features,Average,Pictures,Specifications,Manual / Guides
Details about  20X2.5 Feet Sports Badminton Net Training Standard Durability Braided Nylon Mesh,Nill,US $3.99,Nill,https://i.ebayimg.com/images/g/aXcAAOSwe~tdFGCm/s-l300.jpg
Details about  Spalding Badminton Set 4 Green Rackets Birdies Net Poles Stakes Case Complete,Nill,US $45.00,Nill,https://i.ebayimg.com/images/g/2pcAAOSw6OtdRGjv/s-l300.jpg
"Details about  Wilson Sports Outdoor 4 Player Badminton Kit - Net, Shuttlecocks & Racquets",2.0,US $49.44,Nill,https://i.ebayimg.com/images/g/wyAAAOSwVRpdTGPo/s-l300.jpg
Details about  Badminton Nets [20ft or 24ft] | Tournament Grade Professional Badminton Nets,Nill,US $20.99,Nill,https://i.ebayimg.com/images/g/dM0AAOSwwD5dUrJg/s-l300.jpg
Details about  ProCourt Badminton / Volleyball Combination Posts [97lbs] [Optional Net Package],Nill,US $299.99,Nill,https://i.ebayimg.com/images/g/CI8AAOSwA3dYJe2b/s-l300.jpg
Details about  Brand NewTag Badminton Net 15ft-20ft Maroon,Nill,US $39.99,Nill,https://i.ebayimg.com/images/g/eBcAAOSwgbdb~XwJ/s-l300.jpg
Details about  Vermont ProCourt Mini Tennis & Badminton Combi Net | Kids Backyard Tennis Nets,Nill,US $86.99,Nill,https://i.ebayimg.com/images/g/iFoAAOSwsw9duFmk/s-l300.jpg
Details about  Mini Tennis & Badminton Set | Multi-Sport For Kids | Portable Net System,Nill,US $159.99,Nill,https://i.ebayimg.com/images/g/bkQAAOSwL-FduZrs/s-l300.jpg
Details about  4 Wilson Badminton Net New Durable  3 3/8 SL3 set of 4 pieces orange green,Nill,US $37.99,Nill,https://i.ebayimg.com/images/g/er4AAOSw-kdcnqtB/s-l300.jpg
Details about  VINTAGE SPORTCRAFT BADMINTON RACQUETS MISSING NET,Nill,US $25.61,Nill,https://i.ebayimg.com/images/g/W68AAOSw7cldBun-/s-l300.jpg
Details about  New! 20 Piece Badminton Set Racquets Shuttlecocks Net,Nill,US $19.99,Nill,https://i.ebayimg.com/images/g/U9QAAOSwMtxXqoUa/s-l300.jpg
Details about  Badminton Set 2 Rackets 1 Sport Net Halex NEW Recreational Game,5.0,US $29.99,Nill,https://i.ebayimg.com/images/g/1DYAAOSwbX1b4e~h/s-l300.jpg
Details about  Tag Badminton Replacement Brown Net Netting TMN-300 20' Feet Long,Nill,US $14.99,Nill,https://i.ebayimg.com/images/g/QQMAAOSwpdpVZiDI/s-l300.jpg
Details about  BADMITON SET & BALL W/ 2) NETS FREE S/H,Nill,US $19.99,Nill,https://i.ebayimg.com/images/g/fd0AAOSwFZddyLpy/s-l300.jpg
"Details about  Badmitten Net 20' x 20"" Good Quality Badminton Birdie Net Volleyball Tennis Etc.",Nill,US $9.95,Nill,https://i.ebayimg.com/images/g/kD8AAOSwx2dYHKUX/s-l300.jpg
Details about  Standard Badminton Net Indoor Outdoor Sports Volleyball Training Portable Quicks,Nill,US $7.97,Nill,https://i.ebayimg.com/images/g/e6EAAOSwxSxdPeVS/s-l300.jpg
Details about  Net Badminton Standard Mesh Square Portable Lightweight Training Sport Accessory,Nill,US $14.29,Nill,https://i.ebayimg.com/images/g/LpkAAOSw0vZcXTdc/s-l300.jpg
Details about  Badminton Set Complete Outdoor Yard Game 4 Racquets Net Poles 3 Shuttlecocks NEW,5.0,US $30.99,Nill,https://i.ebayimg.com/images/g/pJ8AAOSwxTpdQ3x5/s-l300.jpg
Details about  EastPoint Sports Easy Setup Badminton Net Set -5 Feet- Features Carry Storage -,Nill,US $33.73,Nill,https://i.ebayimg.com/images/g/6AkAAOSwLrtdxBD4/s-l300.png
"Details about  Summer Sports Recreational Badminton Set 20' X 1.5' X 1.5"" All Weather Net",Nill,US $42.99,Nill,https://i.ebayimg.com/images/g/BsYAAOSwptxck-~y/s-l300.jpg
Details about  NEW IN BOX  garden babminton 2 BADMINTON RACKETS 2 SHUTTLECOCKS FULL SIZE NET,Nill,US $24.99,Nill,https://i.ebayimg.com/images/g/pEYAAOSwsvZdHiGJ/s-l300.jpg
Details about  3 Wilson Badminton Net New Durable  3 3/8 SL3 set of 3 pieces orange green,Nill,US $27.99,Nill,https://i.ebayimg.com/images/g/g4kAAOSwi6tdHOE~/s-l300.jpg
