Sub-categ,review,price,review-count,image
Details about  sturgis left handed  baseball glove dark brown,Nill,US $20.00,Nill,https://i.ebayimg.com/images/g/~rcAAOSwed9dqDpe/s-l300.jpg
Details about  King Sport Baseball Softball Glove Mitt Rawhide Steer Hide S-172 Left Thrower,Nill,US $34.99,Nill,https://i.ebayimg.com/images/g/GAkAAOSw-Nhc7daL/s-l300.jpg
"Details about  Spalding Leather Baseball Softball Glove SC4 12.5"" Competition Series RHT",Nill,US $19.99,Nill,https://i.ebayimg.com/images/g/vxwAAOSwgbRdJnGO/s-l300.jpg
"Details about  Rawlings Mens 12.5"" Inch HL502 Softball Baseball Glove Highlight Mitt RHT Mint",Nill,US $23.00,Nill,https://i.ebayimg.com/images/g/DiEAAOSwZKZdetad/s-l300.jpg
Details about  SpongeBob Square Pants Kids Baseball Softball Mitt Glove Franklin Viocom 2007,Nill,US $9.99,Nill,https://i.ebayimg.com/images/g/xoMAAOSwp6tde8y8/s-l300.jpg
"Details about  Franklin Field Master Series RTP Recreational Baseball / Softball Glove, RHT",Nill,US $19.99,Nill,https://i.ebayimg.com/images/g/~JsAAOSwx0Fc~-UI/s-l300.jpg
Details about  DeMarini  Baseball Softball Gear Sports Bag  Lot MD,Nill,US $9.99,Nill,https://i.ebayimg.com/images/g/gv4AAOSwPc1dsfAj/s-l300.jpg
"Details about  Rawlings RSGXL 14"" Baseball Softball Glove LHT Left Handed Thrower SUPE-R-SIZE",Nill,US $44.99,Nill,https://i.ebayimg.com/images/g/hScAAOSw5LRdybl~/s-l300.jpg
Details about  Vintage Zelco D-490 Baseball Softball Glove - Right hand Mitt #A48,Nill,US $9.99,Nill,https://i.ebayimg.com/images/g/m4sAAOSw9fZdlQFR/s-l300.jpg
"Details about  "" MIZUNO BASEBALL / SOFTBALL RIGHT HAD THROWERS BASEBALL GLOVE SLIGHTLY USED",Nill,US $19.99,Nill,https://i.ebayimg.com/images/g/218AAOSw-0JdgnP9/s-l300.jpg
"Details about  Easton BLACKSTONE Series Baseball / Softball 12.75"" Fielder's Glove, RHT Only",Nill,US $69.99,Nill,https://i.ebayimg.com/images/g/wQYAAOSwXq5c0Kbl/s-l300.jpg
"Details about  Franklin Field Master® USA Series Baseball / Softball Glove, RHT - 12"", 13"", 14",Nill,US $19.99,Nill,https://i.ebayimg.com/images/g/nRMAAOSwcapc3d-t/s-l300.jpg
Details about  Wilson A9884 14” Baseball Softball First Base Mitt Right Hand Throw,Nill,US $85.99,Nill,https://i.ebayimg.com/images/g/Z8UAAOSwSeVdx6Yv/s-l300.jpg
"Details about  New Franklin 22602 Baseball Softball Field Master Ready to Play 12.5"" Glove",Nill,US $22.99,Nill,https://i.ebayimg.com/images/g/po8AAOSwTM5Y4~vz/s-l300.jpg
Details about  Wilson Baseball Glove Left Hand 10.5 Leather Advisory Staff Dual Hinge Softball,Nill,US $23.00,Nill,https://i.ebayimg.com/images/g/K5YAAOSw52JcwjJe/s-l300.jpg
